field_1,field_2,x,y
665600,3150600,-12168162.2869057,3308550.03013065
664000,3149400,-12169999.9931879,3307204.58153225
